Anitta,Ariana Grande,Billie Eilish,BLACKPINK,Bob Marley & The Wailers,BTS,Camila Cabello,Carol Biazin,Charlie Brown Jr.,Chappell Roan,Cazuza,Demi Lovato,Doechii,DUDA BEAT,Engenheiros do Hawaii,Gracie Abrams,Guns N' Roses,Imagine Dragons,Jão,Justin Bieber,Katy Perry,Lady Gaga,Maria Bethânia,Metallica,Niall Horan,Olivia Rodrigo,Queen,RBD,Rihanna,Rita Lee,Sabrina Carpenter,Selena Gomez,Shawn Mendes,Taylor Swift,The Beatles,The Rolling Stones,The Weeknd,U2,Zeca Pagodinho,Radiohead
Lexa,Sabrina Carpenter,Lana Del Rey,JENNIE,Alpha Blondy,Agust D,Selena Gomez,DAY LIMNS,O Rappa,Reneé Rapp,Rita Lee,Miley Cyrus,Megan Thee Stallion,Jaloo,Legião Urbana,Taylor Swift,Aerosmith,OneRepublic,Ananda,Katy Perry,Little Mix,Katy Perry,Gal Costa,Iron Maiden,5 Seconds Of Summer,Sabrina Carpenter,The Rolling Stones,Anahí,Beyoncé,Cazuza,Taylor Swift,Miley Cyrus,Niall Horan,Sabrina Carpenter,The Rolling Stones,The Doors,Tory Lanez,R.E.M.,Jorge Aragão,Jeff Buckley
Luísa Sonza,Katy Perry,Labrinth,TWICE,Peter Tosh,j-hope,Dua Lipa,Gabriel Froede,CPM 22,Conan Gray,Cássia Eller,Little Mix,Doja Cat,Marina Sena,Biquini Cavadão,Reneé Rapp,Scorpions,Coldplay,Manu Gavassi,Little Mix,Lady Gaga,Britney Spears,Caetano Veloso,Ozzy Osbourne,Taylor Swift,Taylor Swift,Dire Straits,Dulce María,Britney Spears,Tim Maia,Tate McRae,Dua Lipa,Sam Smith,One Direction,John Lennon,The Who,Jr. Hi,The Cranberries,Grupo Fundo De Quintal,Blur
Pabllo Vittar,Camila Cabello,Lorde,LISA,Steel Pulse,Jungkook,Fifth Harmony,Marina Sena,Detonautas,Towa Bird,Lulu Santos,Selena Gomez,Flo Milli,Johnny Hooker,Ira!,Maisie Peters,KISS,Ed Sheeran,Lou Garcia,Shawn Mendes,Kesha,Miley Cyrus,Gilberto Gil,Megadeth,Louis Tomlinson,Conan Gray,Pink Floyd,Christian Chávez,Lady Gaga,Djavan,Madison Beer,Little Mix,James Arthur,Gracie Abrams,Paul McCartney,Jimi Hendrix,XO,The Cure,Beth Carvalho,Elliott Smith
Gloria Groove,Selena Gomez,Nessa Barrett,ITZY,Burning Spear,Monsta X,Sabrina Carpenter,Elana Dara,Raimundos,MUNA,Barão Vermelho,Katy Perry,Bree Runway,Potyguara Bardo,Os Paralamas do Sucesso,Sabrina Carpenter,Metallica,Bastille,Clarissa,Miley Cyrus,Miley Cyrus,Kesha,Ney Matogrosso,Slash,One Direction,Reneé Rapp,Bruce Springsteen,David Bisbal,Jennifer Lopez,Gilberto Gil,Selena Gomez,Camila Cabello,Alessia Cara,Shawn Mendes,The Doors,The Beatles,ZAYN,Lenny Kravitz,Arlindo Cruz,Pixies
PEDRO SAMPAIO,Miley Cyrus,FINNEAS,i-dle,Israel Vibration,Jimin,Miley Cyrus,Jade Baraldo,Tihuana,Olivia Rodrigo,Raul Seixas,Jonas Brothers,Rico Nasty,Liniker,Titãs,Ashe,Bon Jovi,Maroon 5,Bruno Gadiol,Sam Smith,Jessie J,Rihanna,Simone,Guns N' Roses,Shawn Mendes,Madison Beer,Toto,Ricky Martin,The Pussycat Dolls,Cássia Eller,Olivia Rodrigo,Katy Perry,5 Seconds Of Summer,Miley Cyrus,David Bowie,Pink Floyd,Doja Cat,Midnight Oil,Leci Brandão,The Smashing Pumpkins
DENNIS,Madison Beer,Conan Gray,aespa,Max Romeo,The Rose,Demi Lovato,Clarissa,Pitty,girl in red,Kid Abelha,Fifth Harmony,TiaCorine,Mc Tha,Capital Inicial,Olivia Rodrigo,Ozzy Osbourne,Sia,GIULIA BE,Taylor Swift,Selena Gomez,P!nk,Milton Nascimento,Motörhead,Maisie Peters,Gracie Abrams,Scorpions,Reik,Black Eyed Peas,Marina Lima,Maisie Peters,Demi Lovato,Lauv,5 Seconds Of Summer,The Kinks,Deep Purple,6lack,The Police,Dudu Nobre,The Strokes
Rebecca,Taylor Swift,Harry Styles,Rosé,The Gladiators,Rm,Madison Beer,IZA,O Surto,Between Friends,Arnaldo Antunes,Selena Gomez & The Scene,Samara Cyn,Alice Caymmi,Barão Vermelho,Lizzy McAlpine,AC/DC,P!nk,Lucas Pretti,Ariana Grande,Meghan Trainor,Christina Aguilera,Elis Regina,Black Label Society,Joshua Bassett,Ashe,Paul McCartney,Diego Boneta,Christina Aguilera,Lulu Santos,Ariana Grande,Sabrina Carpenter,Ed Sheeran,Selena Gomez,Bob Dylan,Bob Dylan,MIKE DEAN,INXS,Diogo Nogueira,Blonde Redhead
Valesca Popozuda,Lady Gaga,Madison Beer,LE SSERAFIM,Toots & The Maytals,JIN,Little Mix,Luísa Sonza,Gabriel o Pensador,Madison Beer,Marina Lima,Taylor Swift,Princess Nokia,Majur,Nenhum De Nós,Conan Gray,Van Halen,Rag'n'Bone Man,Maielle,Camila Cabello,Dua Lipa,Carly Rae Jepsen,Chico Buarque,Black Sabbath,Julia Michaels,Harry Styles,Aerosmith,Jesse & Joy,Flo Rida,Ney Matogrosso,Olivia O'Brien,Taylor Swift,Charlie Puth,Little Mix,The Who,Santana,SZA,Queen,Alcione,Mazzy Star
DJ Tubarão,Little Mix,Olivia Rodrigo,JEON SOMI,Ziggy Marley,GOT7,Ariana Grande,Amanda Coronha,NX Zero,Suki Waterhouse,Nando Reis,Dua Lipa,Kari Faux,Romero Ferro,Lobão,Lexi Jayde,Iron Maiden,Ellie Goulding,Carol Biazin,Fifth Harmony,Carly Rae Jepsen,Sia,Luiz Melodia,AC/DC,Only The Poets,Maisie Peters,U2,HA-ASH,Jason Derulo,Gal Costa,Joshua Bassett,Halsey,One Direction,Niall Horan,The Beach Boys,Eric Clapton,Justin Bieber,David Bowie,Martinho da Vila,PJ Harvey
POCAH,Demi Lovato,Jvke,IVE,Clinton Fearon,Psy,Alessia Cara,Bela Maria,Jota Quest,Sabrina Carpenter,Tim Maia,Shawn Mendes,Tommy Genesis,Rosa Neon,Skank,Joshua Bassett,Slash,The Script,"Eu, Trovador",ZAYN,Zara Larsson,Jessie J,Djavan,Dream Theater,Why Don't We,Nessa Barrett,David Bowie,PATY CANTÚ,Katy Perry,Caetano Veloso,Camila Cabello,Madison Beer,ZAYN,Maisie Peters,George Harrison,Led Zeppelin,Ariana Grande,Depeche Mode,Almir Guineto,The Smile
ZAAC,Justin Bieber,sombr,NAYEON,Gregory Isaacs,TAEYANG,Shawn Mendes,Nick Cruz,Capital Inicial,Mckenna Grace,Fernanda Abreu,Nick Jonas,Saweetie,UANA,RPM,Nessa Barrett,Pearl Jam,X Ambassadors,DAY LIMNS,Jessie J,Tove Lo,Maroon 5,Nana Caymmi,Alice in Chains,The Vamps,Joshua Bassett,Eagles,Rebels,Taio Cruz,Ed Motta,Reneé Rapp,Alessia Cara,Taylor Swift,Demi Lovato,Simon & Garfunkel,Fleetwood Mac,Up The RIvals,Billy Idol,Bezerra Da Silva,John Frusciante
Melody,Meghan Trainor,Troye Sivan,BABYMONSTER,Third World,ASTRO,Taylor Swift,Thiago Pantaleão,Tianastacia,FINNEAS,Os Paralamas do Sucesso,Camila Cabello,Childish Gambino,Tuyo,Ultraje A Rigor,Gatlin,Whitesnake,Shawn Mendes,PRISCILLA,Zara Larsson,P!nk,Beyoncé,João Bosco,Judas Priest,Liam Payne,Tate McRae,Deep Purple,Floricienta,Fergie,Raul Seixas,Miley Cyrus,Ariana Grande,Selena Gomez,The Vamps,Pink Floyd,Queen,PARTYNEXTDOOR,Bruce Springsteen,Jovelina Perola Negra,Eels
Jerry Smith,Fifth Harmony,Melanie Martinez,Everglow,Jimmy Cliff,TOMORROW X TOGETHER,Halsey,Vitão,Skank,Lyn Lapid,Claudio Zoli,Alessia Cara,Flyana Boss,Julio Secchin,Jota Quest,Niall Horan,Lynyrd Skynyrd,Charlie Puth,Elana Dara,Bebe Rexha,Demi Lovato,Dua Lipa,Gonzaguinha,Pantera,Alessia Cara,5 Seconds Of Summer,Status Quo,Paulina Rubio,will.i.am,Sandra De Sá,Ashe,Tove Lo,The Vamps,Olivia Rodrigo,Neil Young,David Bowie,Tinashe,Alanis Morissette,Samba De Raiz,Gorillaz
MC Mirella,Lizzo,The Neighbourhood,Hwa Sa,Groundation,NU'EST,Olivia O'Brien,PRISCILLA,Planet Hemp,Ethel Cain,Zeca Baleiro,Bebe Rexha,Kali Uchis,Davi Sabbag,Humberto Gessinger,Luke Hemmings,Black Sabbath,Adam Lambert,Tinn,Tori Kelly,Selena Gomez & The Scene,Gwen Stefani,Maria Rita,Bruce Dickinson,Lauv,Louis Tomlinson,Led Zeppelin,Thalia,Justin Timberlake,Zeca Baleiro,Gracie Abrams,ZAYN,Demi Lovato,Charlie Puth,Fleetwood Mac,Ten Years After,Brent Faiyaz,Simple Minds,Toninho Geraes,Beck
Tília,Beyoncé,AURORA,Red Velvet,Black Uhuru,PENTAGON,Tate McRae,Maria,Papas da Língua,Role Model,Zélia Duncan,Halsey,Tkay Maidza,Rachel Reis,Frejat,Madison Beer,Extreme,Dua Lipa,Carol & Vitoria,Ellie Goulding,Rihanna,Demi Lovato,Ivan Lins,KISS,ZAYN,Kenzie,Elton John,Erik Rubin,Bruno Mars,Kid Abelha,Raye,Troye Sivan,Anne-Marie,Alessia Cara,The Animals,Status Quo,Khalid,Sting,Grupo Revelação,Thom Yorke
Gabily,Raye,Taylor Swift,JISOO,Eek-A-Mouse,SEVENTEEN,Katy Perry,Cammie,Reação Em Cadeia,Ashe,Ed Motta,Zara Larsson,"Tyler, The Creator",As Baías,Camisa de Vênus,Tate McRae,Led Zeppelin,Echosmith,Lagum,Why Don't We,Britney Spears,Kelly Clarkson,Marisa Monte,Anthrax,Lennon Stella,Lizzy McAlpine,KISS,Kalimba,Kesha,Zé Ramalho,Griff,Shawn Mendes,Zara Larsson,Halsey,Elvis Presley,Neil Young,SoMo,Oasis,Luiz Carlos da Vila,Björk
Mc Kevinho,Zara Larsson,Sarah Cothran,TAEYEON,UB40,IU,ZAYN,GIANA,FORFUN,FLETCHER,Lobão,Ashley Tisdale,Ice Spice,Mahmundi,Lulu Santos,Sadie Jean,Deep Purple,Rita Ora,IZA,Charlie Puth,Kelly Clarkson,Kylie Minogue,Adriana Calcanhotto,Dio,Anne-Marie,Claire Rosinkranz,The Beatles,La Oreja de Van Gogh,Nicole Scherzinger,Arnaldo Antunes,5 Seconds Of Summer,Charlie Puth,Why Don't We,Camila Cabello,Jimi Hendrix,The Kinks,Suzanna Son,Duran Duran,Paulinho da Viola,Sonic Youth
Hitmaker,Alessia Cara,Stephen Dawes,XG,Horace Andy,N.Flying,Bebe Rexha,Kafé,Biquini Cavadão,Dora Jar,Leoni,Meghan Trainor,MAC MILLER,Liniker e os Caramelows,Uns E Outros,Holly Humberstone,Bruce Dickinson,Owl City,Vitor Kley,Alessia Cara,Maroon 5,Little Mix,Chico César,Mötley Crüe,Griff,Mckenna Grace,The Who,Alejandra Guzmán,Nelly Furtado,Marisa Monte,Troye Sivan,Fifth Harmony,Julia Michaels,Zara Larsson,The Mamas & The Papas,Creedence Clearwater Revival,Rihanna,Genesis,Dona Ivone Lara,Interpol
Dream Team do Passinho,Carly Rae Jepsen,Ashe,MAMAMOO,Dennis Brown,DAY6,Hailee Steinfeld,Hodari,Titãs,Troye Sivan,Pato Fu,Hailee Steinfeld,Audrey Nuna,Letrux,Pato Fu,Devon Gabriella,Def Leppard,Olly Alexander (Years & Years),Davi Sabbag,Carly Rae Jepsen,Anne-Marie,The Pussycat Dolls,Leila Pinheiro,Extreme,Sigrid,FINNEAS,Supertramp,Lu,Kelly Rowland,Zélia Duncan,Alessia Cara,Tate McRae,Lewis Capaldi,Madison Beer,Yusuf / Cat Stevens,Bruce Springsteen,Chase Atlantic,Dire Straits,Teresa Cristina,Nada Surf
Lara Silva,Dua Lipa,Charlotte Lawrence,NMIXX,Culture,WONHO,Anne-Marie,Luiz Lins,Seu Cuca,Lizzy McAlpine,Engenheiros do Hawaii,Anne-Marie,cupcakKe,Lamparina,Plebe Rude,FINNEAS,Alice Cooper,George Ezra,Malía,Demi Lovato,Taylor Swift,Ed Sheeran,Elza Soares,Faith No More,Nina Nesbitt,Chappell Roan,Santana,Carlos Rivera,Ciara,Milton Nascimento,New Hope Club,Anne-Marie,Miley Cyrus,Katy Perry,The Silver Beetles,Canned Heat,Beyoncé,Iggy Pop,Grupo Pagode & Churrasco,Weezer
